{"entities":{"pages":{"Starter":{"id":"Starter","title":"Version","url":"starter.html","level":0,"tabIndex":0},"device-description":{"id":"device-description","title":"Device description","url":"device-description.html","level":0,"tabIndex":1},"Switching-Mnemo-ON":{"id":"Switching-Mnemo-ON","title":"Switching Mnemo ON","url":"switching-mnemo-on.html","level":0,"tabIndex":2},"Menu-Navigation":{"id":"Menu-Navigation","title":"Menu Navigation","url":"menu-navigation.html","level":0,"tabIndex":3},"Main-Menu":{"id":"Main-Menu","title":"Main Menu","url":"main-menu.html","level":0,"tabIndex":4},"Calibrating-the-unit":{"id":"Calibrating-the-unit","title":"Calibrating the unit","url":"calibrating-the-unit.html","level":0,"pages":["Recording-Surface-pressure","Setting-the-Unit-System","Setting-the-water-type","Calibrating-the-distance-measurement","Calibrating-the-compass"],"tabIndex":5},"Recording-Surface-pressure":{"id":"Recording-Surface-pressure","title":"Recording the surface pressure","url":"recording-surface-pressure.html","level":1,"parentId":"Calibrating-the-unit","tabIndex":0},"Setting-the-Unit-System":{"id":"Setting-the-Unit-System","title":"Setting the Unit System","url":"setting-the-unit-system.html","level":1,"parentId":"Calibrating-the-unit","tabIndex":1},"Setting-the-water-type":{"id":"Setting-the-water-type","title":"Setting the water type","url":"setting-the-water-type.html","level":1,"parentId":"Calibrating-the-unit","tabIndex":2},"Calibrating-the-distance-measurement":{"id":"Calibrating-the-distance-measurement","title":"Calibrating the distance measurement","url":"calibrating-the-distance-measurement.html","level":1,"parentId":"Calibrating-the-unit","tabIndex":3},"Calibrating-the-compass":{"id":"Calibrating-the-compass","title":"Calibrating the compass","url":"calibrating-the-compass.html","level":1,"parentId":"Calibrating-the-unit","tabIndex":4},"Survey-Mode":{"id":"Survey-Mode","title":"Survey Modes","url":"survey-mode.html","level":0,"pages":["Verbose-Mode","BASIC-Mode","About-Stabilization","Interference-Marker","Surveying-The-big-picture"],"tabIndex":6},"Verbose-Mode":{"id":"Verbose-Mode","title":"Verbose Mode (legacy)","url":"verbose-mode.html","level":1,"parentId":"Survey-Mode","tabIndex":0},"BASIC-Mode":{"id":"BASIC-Mode","title":"BASIC Mode","url":"basic-mode.html","level":1,"parentId":"Survey-Mode","tabIndex":1},"About-Stabilization":{"id":"About-Stabilization","title":"About Stabilization","url":"about-stabilization.html","level":1,"parentId":"Survey-Mode","tabIndex":2},"Interference-Marker":{"id":"Interference-Marker","title":"Interference Marker","url":"interference-marker.html","level":1,"parentId":"Survey-Mode","tabIndex":3},"Surveying-The-big-picture":{"id":"Surveying-The-big-picture","title":"Surveying - The big picture -","url":"surveying-the-big-picture.html","level":1,"parentId":"Survey-Mode","tabIndex":4},"MNEMOLINK":{"id":"MNEMOLINK","title":"MnemoLink - Data Transfer","url":"mnemolink.html","level":0,"tabIndex":7},"WIFI-Data-transfer":{"id":"WIFI-Data-transfer","title":"WIfI Data transfer","url":"wifi-data-transfer.html","level":0,"tabIndex":8},"Survey-History":{"id":"Survey-History","title":"Survey History and Direct View","url":"survey-history.html","level":0,"tabIndex":9},"memory":{"id":"memory","title":"Memory management","url":"memory.html","level":0,"tabIndex":10},"Display-Settings":{"id":"Display-Settings","title":"Display Settings","url":"display-settings.html","level":0,"tabIndex":11},"Battery":{"id":"Battery","title":"Battery","url":"battery.html","level":0,"tabIndex":12},"tipsandtricks":{"id":"tipsandtricks","title":"Tips and Tricks","url":"tipsandtricks.html","level":0,"tabIndex":13},"BASIC-Mode-Clicks":{"id":"BASIC-Mode-Clicks","title":"BASIC Mode Clicks","url":"basic-mode-clicks.html","level":0,"tabIndex":14},"Firmware-Upgrade":{"id":"Firmware-Upgrade","title":"Firmware Upgrade","url":"firmware-upgrade.html","level":0,"tabIndex":15},"Cheat-Sheet":{"id":"Cheat-Sheet","title":"Cheat Sheet","url":"cheat-sheet.html","level":0,"tabIndex":16}}},"topLevelIds":["Starter","device-description","Switching-Mnemo-ON","Menu-Navigation","Main-Menu","Calibrating-the-unit","Survey-Mode","MNEMOLINK","WIFI-Data-transfer","Survey-History","memory","Display-Settings","Battery","tipsandtricks","BASIC-Mode-Clicks","Firmware-Upgrade","Cheat-Sheet"]}